{
  "generated_at": "2026-07-06",
  "market_type": "futures",
  "neutral_threshold_pct": 0.015,
  "candles": 3000,
  "folds": 5,
  "pairs": [
    "BTCUSDT 1m",
    "BTCUSDT 3m",
    "BTCUSDT 5m",
    "BTCUSDT 15m",
    "BTCUSDT 1h",
    "ETHUSDT 1m",
    "ETHUSDT 3m",
    "ETHUSDT 5m",
    "ETHUSDT 15m",
    "ETHUSDT 1h",
    "SOLUSDT 1m",
    "SOLUSDT 3m",
    "SOLUSDT 5m",
    "SOLUSDT 15m",
    "SOLUSDT 1h"
  ],
  "n_oos_rows": 21990,
  "baseline": {
    "metrics": {
      "n": 21990,
      "accuracy_pct": 39.23146884947704,
      "precision": {
        "bearish": 39.05053598774885,
        "neutral": 18.901453957996768,
        "bullish": 40.47166551485833
      },
      "recall": {
        "bearish": 41.391624283086244,
        "neutral": 3.5082458770614693,
        "bullish": 49.76630550244317
      },
      "f1": {
        "bearish": 40.187014078587936,
        "neutral": 5.918057663125949,
        "bullish": 44.64030490709862
      },
      "macro_f1_pct": 30.248458882937502,
      "confusion": {
        "bearish": {
          "bearish": 3825,
          "neutral": 254,
          "bullish": 5162
        },
        "neutral": {
          "bearish": 1489,
          "neutral": 117,
          "bullish": 1729
        },
        "bullish": {
          "bearish": 4481,
          "neutral": 248,
          "bullish": 4685
        }
      },
      "support": {
        "bearish": 9241,
        "neutral": 3335,
        "bullish": 9414
      }
    },
    "coverage": {
      "total": 21990,
      "signalled": 21990,
      "coverage_pct": 100.0
    },
    "majority_baseline": {
      "class": "bullish",
      "accuracy_pct": 42.810368349249664,
      "n": 21990
    },
    "predicted_distribution": {
      "bearish": 9795,
      "neutral": 619,
      "bullish": 11576
    },
    "actual_distribution": {
      "bearish": 9241,
      "neutral": 3335,
      "bullish": 9414
    },
    "accuracy_by_symbol": {
      "BTCUSDT": {
        "n": 7330,
        "accuracy_pct": 37.62619372442019
      },
      "ETHUSDT": {
        "n": 7330,
        "accuracy_pct": 39.30422919508867
      },
      "SOLUSDT": {
        "n": 7330,
        "accuracy_pct": 40.76398362892224
      }
    },
    "accuracy_by_timeframe": {
      "15m": {
        "n": 4410,
        "accuracy_pct": 42.698412698412696
      },
      "1h": {
        "n": 4410,
        "accuracy_pct": 44.60317460317461
      },
      "1m": {
        "n": 4380,
        "accuracy_pct": 31.141552511415526
      },
      "3m": {
        "n": 4410,
        "accuracy_pct": 37.188208616780045
      },
      "5m": {
        "n": 4380,
        "accuracy_pct": 40.47945205479452
      }
    },
    "accuracy_by_regime": {
      "BREAKOUT": {
        "n": 657,
        "accuracy_pct": 33.789954337899545
      },
      "CHOPPY": {
        "n": 4612,
        "accuracy_pct": 37.90112749349523
      },
      "HIGH_VOLATILITY": {
        "n": 1392,
        "accuracy_pct": 42.74425287356322
      },
      "LOW_VOLATILITY": {
        "n": 108,
        "accuracy_pct": 33.33333333333333
      },
      "SIDEWAYS": {
        "n": 21,
        "accuracy_pct": 47.61904761904761
      },
      "TREND_DOWN": {
        "n": 6963,
        "accuracy_pct": 38.67585810713773
      },
      "TREND_UP": {
        "n": 8150,
        "accuracy_pct": 40.441717791411044
      },
      "UNCLEAR": {
        "n": 87,
        "accuracy_pct": 31.03448275862069
      }
    },
    "accuracy_by_session": {
      "Asia": {
        "n": 7479,
        "accuracy_pct": 39.45714667736328
      },
      "Europe": {
        "n": 7224,
        "accuracy_pct": 40.033222591362126
      },
      "US": {
        "n": 7287,
        "accuracy_pct": 38.20502264306299
      }
    },
    "accuracy_by_confidence_label": {
      "high": {
        "n": 7085,
        "accuracy_pct": 38.094565984474244
      },
      "low": {
        "n": 6665,
        "accuracy_pct": 38.34958739684921
      },
      "medium": {
        "n": 8240,
        "accuracy_pct": 40.922330097087375
      }
    },
    "calibration": [
      {
        "bucket": "50-55%",
        "n": 1889,
        "mean_confidence_pct": 52.460549264737,
        "accuracy_pct": 41.97988353626258,
        "gap_pct": 10.48066572847442
      },
      {
        "bucket": "55-60%",
        "n": 2054,
        "mean_confidence_pct": 57.429014693445794,
        "accuracy_pct": 40.31158714703019,
        "gap_pct": 17.117427546415605
      },
      {
        "bucket": "60-65%",
        "n": 2108,
        "mean_confidence_pct": 62.42574961776296,
        "accuracy_pct": 40.03795066413662,
        "gap_pct": 22.387798953626337
      },
      {
        "bucket": "65-70%",
        "n": 2189,
        "mean_confidence_pct": 67.49327188657807,
        "accuracy_pct": 41.43444495203289,
        "gap_pct": 26.05882693454518
      },
      {
        "bucket": "70-100%",
        "n": 7085,
        "mean_confidence_pct": 80.71737596637821,
        "accuracy_pct": 38.094565984474244,
        "gap_pct": 42.62280998190397
      }
    ]
  },
  "enhanced": {
    "metrics": {
      "n": 21990,
      "accuracy_pct": 43.615279672578446,
      "precision": {
        "bearish": 43.89773764837172,
        "neutral": 37.34939759036144,
        "bullish": 44.23348059028104
      },
      "recall": {
        "bearish": 46.823936803376256,
        "neutral": 16.731634182908543,
        "bullish": 49.989377522838325
      },
      "f1": {
        "bearish": 45.31364540789611,
        "neutral": 23.110374818803063,
        "bullish": 46.9356206053957
      },
      "macro_f1_pct": 38.45321361069829,
      "confusion": {
        "bearish": {
          "bearish": 4327,
          "neutral": 467,
          "bullish": 4447
        },
        "neutral": {
          "bearish": 1291,
          "neutral": 558,
          "bullish": 1486
        },
        "bullish": {
          "bearish": 4239,
          "neutral": 469,
          "bullish": 4706
        }
      },
      "support": {
        "bearish": 9241,
        "neutral": 3335,
        "bullish": 9414
      }
    },
    "coverage": {
      "total": 21990,
      "signalled": 21990,
      "coverage_pct": 100.0
    },
    "majority_baseline": {
      "class": "bullish",
      "accuracy_pct": 42.810368349249664,
      "n": 21990
    },
    "predicted_distribution": {
      "bearish": 9857,
      "neutral": 1494,
      "bullish": 10639
    },
    "actual_distribution": {
      "bearish": 9241,
      "neutral": 3335,
      "bullish": 9414
    },
    "accuracy_by_symbol": {
      "BTCUSDT": {
        "n": 7330,
        "accuracy_pct": 42.12824010914052
      },
      "ETHUSDT": {
        "n": 7330,
        "accuracy_pct": 44.461118690313775
      },
      "SOLUSDT": {
        "n": 7330,
        "accuracy_pct": 44.256480218281034
      }
    },
    "accuracy_by_timeframe": {
      "15m": {
        "n": 4410,
        "accuracy_pct": 47.66439909297052
      },
      "1h": {
        "n": 4410,
        "accuracy_pct": 48.57142857142857
      },
      "1m": {
        "n": 4380,
        "accuracy_pct": 36.5296803652968
      },
      "3m": {
        "n": 4410,
        "accuracy_pct": 41.043083900226755
      },
      "5m": {
        "n": 4380,
        "accuracy_pct": 44.22374429223744
      }
    },
    "accuracy_by_regime": {
      "BREAKOUT": {
        "n": 657,
        "accuracy_pct": 52.207001522070016
      },
      "CHOPPY": {
        "n": 4612,
        "accuracy_pct": 42.10754553339115
      },
      "HIGH_VOLATILITY": {
        "n": 1392,
        "accuracy_pct": 45.474137931034484
      },
      "LOW_VOLATILITY": {
        "n": 108,
        "accuracy_pct": 46.2962962962963
      },
      "SIDEWAYS": {
        "n": 21,
        "accuracy_pct": 33.33333333333333
      },
      "TREND_DOWN": {
        "n": 6963,
        "accuracy_pct": 43.60189573459716
      },
      "TREND_UP": {
        "n": 8150,
        "accuracy_pct": 43.43558282208589
      },
      "UNCLEAR": {
        "n": 87,